product_id,product_title,vendor,product_type,variant_id,variant_title,sku,current_price,compare_at_price,unit_cost,recommended_price,change_pct,tier,score,confidence,units_12mo,net_sales_12mo,discount_rate,observed_elasticity,trend_ratio,est_revenue_delta,est_profit_delta,flags,notes
8932554178815,"Linda's Deluxe Cotton/Poly Blend Batting - 96"" Roll - Made by Hobbs",Hobbs Bonded Fibers,Batting,46336929104127,Default Title,LEQ-6040,198.99,366.65,98.70,214.89,7.99,Raise now,0.714,high,2422,390837.18,7.9,1.32,0.92,14367,22112,private label; 90-day sell-through 70%,list price is already 16% above the average paid in the last 3 months; this stacks on a recent increase
5866543022247,"Hobbs Heirloom Bleached 80/20 108"" Wide Batting Roll - 30 Yards",Hobbs Bonded Fibers,Batting,36742133481639,Default Title,BHLBY-108,229.16,416.65,118.91,247.49,8.00,Raise now,0.704,high,1694,329422.39,7.0,-0.38,1.04,12121,18957,90-day sell-through 82%,list price is already 15% above the average paid in the last 3 months; this stacks on a recent increase
5866544824487,Hobbs Heirloom 80/20 Fusible Batting Package,Hobbs Bonded Fibers,Batting,36742138658983,"Crib Size (45""x60"")",HF-45,11.89,21.62,5.02,12.89,8.41,Raise now,0.717,high,2894,58338.91,6.3,,1.82,2195,3364,90-day sell-through 75%,
5866544824487,Hobbs Heirloom 80/20 Fusible Batting Package,Hobbs Bonded Fibers,Batting,45838088667391,"Queen Size 90""x108""",HF-90,23.79,43.25,13.21,25.69,7.99,Raise now,0.717,high,2894,58338.91,6.3,,1.82,2195,3364,90-day sell-through 75%,
5866544562343,Hobbs Heirloom Bleached 80/20 Batting Package,Hobbs Bonded Fibers,Batting,36742136168615,"Queen 90""x108""",BHL-90,22.09,40.16,12.14,23.89,8.15,Raise now,0.702,high,1633,45393.21,7.1,,1.59,1694,2762,90-day sell-through 79%,
5866544562343,Hobbs Heirloom Bleached 80/20 Batting Package,Hobbs Bonded Fibers,Batting,45838088634623,"King 120""x120""",BHL-120,31.72,57.67,19.31,34.29,8.10,Raise now,0.702,high,1633,45393.21,7.1,,1.59,1694,2762,90-day sell-through 79%,
5866543284391,"Hobbs 80/20 Heirloom Batting 96"" Wide Batting Roll - 30 Yards",Hobbs Bonded Fibers,Batting,36742133776551,Default Title,HLBY-96,199.99,366.65,101.74,209.99,5.00,Raise,0.672,high,15556,2500343.53,7.1,-3.26,1.37,20003,70886,90-day sell-through 97%,list price is already 25% above the average paid in the last 3 months; this stacks on a recent increase
5866543382695,"Hobbs Heirloom 80/20 120"" Wide Batting Roll - 30 Yards",Hobbs Bonded Fibers,Batting,36742134005927,Default Title,HLBY-120,229.16,416.65,126.90,240.59,4.99,Raise,0.686,high,3299,641617.96,5.9,-10.00,1.98,5124,19301,90-day sell-through 73%,list price is already 15% above the average paid in the last 3 months; this stacks on a recent increase
5866544890023,Hobbs Heirloom 80/20 Batting Package (Available for PRE-ORDER),Hobbs Bonded Fibers,Batting,43166490099967,"Crib (45""x 60"")",HL-45,9.43,17.15,4.17,9.89,4.88,Raise,0.643,high,10812,200299.57,8.3,-3.79,1.28,1598,5634,customers pre-order and wait,
5866544890023,Hobbs Heirloom 80/20 Batting Package (Available for PRE-ORDER),Hobbs Bonded Fibers,Batting,45838088470783,"Twin (72""x 90"")",HL-72,16.04,29.17,8.47,16.89,5.30,Raise,0.643,high,10812,200299.57,8.3,-3.79,1.28,1598,5634,customers pre-order and wait,
5866544890023,Hobbs Heirloom 80/20 Batting Package (Available for PRE-ORDER),Hobbs Bonded Fibers,Batting,45838088503551,"Full (81""x 96"")",HL-81,18.88,34.32,9.53,19.79,4.82,Raise,0.643,high,10812,200299.57,8.3,-3.79,1.28,1598,5634,customers pre-order and wait,
5866544890023,Hobbs Heirloom 80/20 Batting Package (Available for PRE-ORDER),Hobbs Bonded Fibers,Batting,45838088536319,"Queen (90""x 108"")",HL-90,21.71,39.47,11.11,22.79,4.97,Raise,0.643,high,10812,200299.57,8.3,-3.79,1.28,1598,5634,customers pre-order and wait,
5866544890023,Hobbs Heirloom 80/20 Batting Package (Available for PRE-ORDER),Hobbs Bonded Fibers,Batting,45838088569087,"King (120""x 120"")",HL-120,31.15,56.64,16.82,32.69,4.94,Raise,0.643,high,10812,200299.57,8.3,-3.79,1.28,1598,5634,customers pre-order and wait,
5866543120551,"Hobbs Heirloom Wool 108"" Wide Batting Roll",Hobbs Bonded Fibers,Batting,36742133579943,Default Title,WLBY-108,314.41,571.65,201.12,330.09,4.99,Raise,0.640,high,250,72187.42,7.3,-7.33,1.51,576,2419,,
8998414680319,"Quilters Dream Select Bamboo Batting Queen Roll - 93"" x 30 yards -- AVAILABLE FOR PRE-ORDER - ROUGHLY 8 WEEKS",Quilters Dream Batting,Batting,46534824788223,Default Title,QDDS-OQR,347.41,631.65,238.00,364.79,5.00,Raise,0.625,high,216,65643.84,8.6,,1.14,525,2325,drop-ship; customers pre-order and wait,list price is already 10% above the average paid in the last 3 months; this stacks on a recent increase
9106976145663,Warm & Natural Needled Cotton Batting,Warm Company,Batting,46879492767999,"Baby (45"" X 60"")",WMC-2322,9.06,16.47,5.34,9.49,4.75,Raise,0.612,high,3108,69724.28,6.3,-10.00,3.68,549,2153,,
9106976145663,Warm & Natural Needled Cotton Batting,Warm Company,Batting,46879492800767,"Twin (72"" x 90"")",WMC-2391,22.09,40.16,12.79,23.19,4.98,Raise,0.612,high,3108,69724.28,6.3,-10.00,3.68,549,2153,,
9106976145663,Warm & Natural Needled Cotton Batting,Warm Company,Batting,46879492833535,"Full (90"" x 96"")",WMC-2381,27.75,50.46,16.47,29.09,4.83,Raise,0.612,high,3108,69724.28,6.3,-10.00,3.68,549,2153,,
9106976145663,Warm & Natural Needled Cotton Batting,Warm Company,Batting,46879492866303,"Queen (90"" x 108"")",WMC-2341,29.45,53.55,17.46,30.89,4.89,Raise,0.612,high,3108,69724.28,6.3,-10.00,3.68,549,2153,,
9106976145663,Warm & Natural Needled Cotton Batting,Warm Company,Batting,46879492899071,"King (124"" x 120"")",WMC-2251,46.45,84.45,27.02,48.79,5.04,Raise,0.612,high,3108,69724.28,6.3,-10.00,3.68,549,2153,,
8997927026943,"Quilters Dream Select Cotton Batting Queen Roll - 93"" x 30 yards -- AVAILABLE FOR PRE-ORDER - ROUGHLY 8 WEEKS",Quilters Dream Batting,Batting,46532687528191,Default Title,QDDS-N4QR,306.16,556.65,206.00,321.49,5.01,Raise,0.633,high,220,57636.72,9.3,,1.23,462,2015,drop-ship; customers pre-order and wait,list price is already 11% above the average paid in the last 3 months; this stacks on a recent increase
9121572618495,"Warm & Natural 90"" x 40 YD Cotton Batting - Unbleached Needle-Punched Quilt Batting",Warm Company,Batting,46925810860287,Default Title,WCDS-2131,393.24,714.98,225.08,412.89,5.00,Raise,0.608,high,195,63433.62,7.6,-0.21,1.02,507,1959,drop-ship,list price is already 23% above the average paid in the last 3 months; this stacks on a recent increase
8960501940479,Quilters Dream Bamboo Batting Package (Available For Pre-Order),Quilters Dream Batting,Batting,48397446185215,"Craft (46"" X 36"")",OCF,9.06,16.47,6.00,9.49,4.75,Raise,0.655,high,1487,52160.46,6.4,-6.18,1.61,419,1796,customers pre-order and wait,
8960501940479,Quilters Dream Bamboo Batting Package (Available For Pre-Order),Quilters Dream Batting,Batting,48397447135487,"Crib (60"" X 46"")",OCB,13.02,23.68,8.75,13.69,5.15,Raise,0.655,high,1487,52160.46,6.4,-6.18,1.61,419,1796,customers pre-order and wait,
8960501940479,Quilters Dream Bamboo Batting Package (Available For Pre-Order),Quilters Dream Batting,Batting,48397447987455,"Throw (60"" X 60"")",OTH,14.72,26.77,10.05,15.49,5.23,Raise,0.655,high,1487,52160.46,6.4,-6.18,1.61,419,1796,customers pre-order and wait,
8960501940479,Quilters Dream Bamboo Batting Package (Available For Pre-Order),Quilters Dream Batting,Batting,46420708557055,"Twin (93"" x 72"")",OTN,27.19,49.43,17.60,28.59,5.15,Raise,0.655,high,1487,52160.46,6.4,-6.18,1.61,419,1796,customers pre-order and wait,
8960501940479,Quilters Dream Bamboo Batting Package (Available For Pre-Order),Quilters Dream Batting,Batting,48397448282367,"Double (96"" X 93"")",OD,33.42,60.76,22.70,35.09,5.00,Raise,0.655,high,1487,52160.46,6.4,-6.18,1.61,419,1796,customers pre-order and wait,
8960501940479,Quilters Dream Bamboo Batting Package (Available For Pre-Order),Quilters Dream Batting,Batting,46420708589823,"Queen (108"" x 93"")",OQ,38.52,70.03,22.15,40.49,5.11,Raise,0.655,high,1487,52160.46,6.4,-6.18,1.61,419,1796,customers pre-order and wait,
8960501940479,Quilters Dream Bamboo Batting Package (Available For Pre-Order),Quilters Dream Batting,Batting,48397448544511,"Super Queen (121"" X 93"")",OSQ,41.35,75.18,28.10,43.39,4.93,Raise,0.655,high,1487,52160.46,6.4,-6.18,1.61,419,1796,customers pre-order and wait,
8960501940479,Quilters Dream Bamboo Batting Package (Available For Pre-Order),Quilters Dream Batting,Batting,46420708622591,"King (120"" x 122"")",OK,52.79,95.99,34.30,55.39,4.93,Raise,0.655,high,1487,52160.46,6.4,-6.18,1.61,419,1796,customers pre-order and wait,
5866543612071,"Hobbs Polyester 6oz 96"" Wide Batting Roll",Hobbs Bonded Fibers,Batting,36742134399143,Default Title,BY-696,152.16,276.65,41.36,159.79,5.01,Raise,0.609,high,929,85413.74,9.6,-3.59,1.40,685,1616,tracked stock at zero while still selling,list price is already 37% above the average paid in the last 3 months; this stacks on a recent increase
5866546888871,Hobbs Heirloom Wool Batting Package,Hobbs Bonded Fibers,Batting,36742145867943,"Queen 90""x 108""",WL-90,37.95,69.00,21.38,39.89,5.11,Raise,0.684,high,1055,47912.34,6.0,-7.66,1.79,384,1508,90-day sell-through 76%,
5866546888871,Hobbs Heirloom Wool Batting Package,Hobbs Bonded Fibers,Batting,45838088700159,"King 120""x 120""",WL-120,51.55,93.72,31.19,54.09,4.93,Raise,0.684,high,1055,47912.34,6.0,-7.66,1.79,384,1508,90-day sell-through 76%,
5866543743143,"Hobbs Polydown 108"" Wide Batting Roll - 30 Yards",Hobbs Bonded Fibers,Batting,36742134530215,Default Title,PDBY-108,178.74,324.98,83.11,187.69,5.01,Raise,0.617,high,393,56582.36,9.7,-2.97,1.45,453,1507,90-day sell-through 89%,list price is already 19% above the average paid in the last 3 months; this stacks on a recent increase
9121573241087,"Insul-Bright 22"" x 20 YD Batting - Heat-Resistant Insulation for Quilting Projects",Warm Company,Batting,46925811581183,Default Title,WCDS-6320,44.54,80.99,30.68,46.79,5.05,Raise,0.612,high,886,39233.28,7.3,-3.78,1.27,316,1408,drop-ship,
5866543906983,"Hobbs Polydown 120"" Wide Batting Roll - 30 Yards",Hobbs Bonded Fibers,Batting,36742134694055,Default Title,PDBY-120,194.33,353.32,95.20,204.09,5.02,Raise,0.604,high,290,45907.88,11.3,-3.13,1.44,368,1272,tracked stock at zero while still selling,list price is already 17% above the average paid in the last 3 months; this stacks on a recent increase
9175671013631,"Pellon® Wrap-N-Zap® Microwaveable Cotton Batting 22"" x 10 yards",Pellon,Batting,47132613181695,Default Title,PDS-DSWZ2210,36.84,66.99,20.45,38.69,5.02,Raise,0.600,high,1680,41244.06,6.8,-2.42,1.19,331,1251,drop-ship,list price is already 47% above the average paid in the last 3 months; this stacks on a recent increase
5866543546535,"Hobbs Polyester 9oz 96"" Wide Quilt Batting Roll",Hobbs Bonded Fibers,Batting,36742134300839,Default Title,BY-996,115.49,209.99,46.82,121.29,5.02,Raise,0.641,high,483,50274.01,9.3,0.45,0.92,404,1222,tracked stock at zero while still selling,list price is already 7% above the average paid in the last 3 months; this stacks on a recent increase
7766571385087,"Hobbs Bleached Heirloom Wide Batting Roll 100% Cotton with Scrim 96""",Hobbs Bonded Fibers,Batting,43223581819135,Default Title,HBSBY-96,244.74,444.98,159.56,256.99,5.01,Raise,0.620,high,160,34077.44,8.3,-5.32,1.58,273,1162,,list price is already 12% above the average paid in the last 3 months; this stacks on a recent increase
9107000525055,Warm & White Needled Cotton Batting (Available For Pre-Order),Warm Company,Batting,46879545983231,"Baby (45"" X 60"")",WMC-2423,10.76,19.56,6.49,11.29,4.93,Raise,0.648,high,1245,35715.09,6.9,-10.00,3.14,287,1135,customers pre-order and wait,
9107000525055,Warm & White Needled Cotton Batting (Available For Pre-Order),Warm Company,Batting,46879546015999,"Twin (72"" x 90"")",WMC-2492,27.19,49.43,15.87,28.59,5.15,Raise,0.648,high,1245,35715.09,6.9,-10.00,3.14,287,1135,customers pre-order and wait,
9107000525055,Warm & White Needled Cotton Batting (Available For Pre-Order),Warm Company,Batting,46879546048767,"Full (90"" x 96"")",WMC-2482,35.12,63.85,20.65,36.89,5.04,Raise,0.648,high,1245,35715.09,6.9,-10.00,3.14,287,1135,customers pre-order and wait,
9107000525055,Warm & White Needled Cotton Batting (Available For Pre-Order),Warm Company,Batting,46879546081535,"Queen (90"" x 108"")",WMC-2442,38.52,70.03,22.72,40.49,5.11,Raise,0.648,high,1245,35715.09,6.9,-10.00,3.14,287,1135,customers pre-order and wait,
9107000525055,Warm & White Needled Cotton Batting (Available For Pre-Order),Warm Company,Batting,46879546114303,"King (124"" x 120"")",WMC-2451,61.74,112.26,35.93,64.79,4.94,Raise,0.648,high,1245,35715.09,6.9,-10.00,3.14,287,1135,customers pre-order and wait,
5866544758951,Hobbs Heirloom Black 80/20 Batting Package,Hobbs Bonded Fibers,Batting,36742136430759,"Queen 90""x108""",DKHL-90,22.09,40.16,12.14,23.19,4.98,Raise,0.642,high,1297,34582.24,7.7,-3.18,1.17,275,1071,90-day sell-through 76%,
5866544758951,Hobbs Heirloom Black 80/20 Batting Package,Hobbs Bonded Fibers,Batting,45838088601855,"King 120""x120""",DKHL-120,31.72,57.67,19.31,33.29,4.95,Raise,0.642,high,1297,34582.24,7.7,-3.18,1.17,275,1071,90-day sell-through 76%,
5866543841447,"Hobbs Heirloom Black Batting 80/20 108"" Wide Batting Roll",Hobbs Bonded Fibers,Batting,36742134628519,Default Title,DKHLBY-108,229.16,416.65,118.91,240.59,4.99,Raise,0.634,high,195,36747.69,7.8,-2.20,1.26,293,1054,tracked stock at zero while still selling,list price is already 17% above the average paid in the last 3 months; this stacks on a recent increase
8960385122559,Quilters Dream Wool Batting Package (Available For Pre-Order),Quilters Dream Batting,Batting,48397474201855,"Craft (46"" X 36"")",WOOLCF,11.32,20.59,7.85,11.89,5.04,Raise,0.684,high,672,30222.25,7.0,-3.69,1.57,242,1053,customers pre-order and wait,
8960385122559,Quilters Dream Wool Batting Package (Available For Pre-Order),Quilters Dream Batting,Batting,48397474922751,"Crib (60"" X 46"")",WOOLCB,15.29,27.80,10.50,16.09,5.23,Raise,0.684,high,672,30222.25,7.0,-3.69,1.57,242,1053,customers pre-order and wait,
8960385122559,Quilters Dream Wool Batting Package (Available For Pre-Order),Quilters Dream Batting,Batting,48397475021055,"Throw (60"" X 60"")",WOOLTH,18.69,33.98,12.75,19.59,4.82,Raise,0.684,high,672,30222.25,7.0,-3.69,1.57,242,1053,customers pre-order and wait,
8960385122559,Quilters Dream Wool Batting Package (Available For Pre-Order),Quilters Dream Batting,Batting,46420590035199,"Twin (93"" x 72"")",WOOLTN,33.42,60.76,21.40,35.09,5.00,Raise,0.684,high,672,30222.25,7.0,-3.69,1.57,242,1053,customers pre-order and wait,
8960385122559,Quilters Dream Wool Batting Package (Available For Pre-Order),Quilters Dream Batting,Batting,48397478232319,"Double (96"" X 93"")",WOOLD,40.22,73.12,27.40,42.19,4.90,Raise,0.684,high,672,30222.25,7.0,-3.69,1.57,242,1053,customers pre-order and wait,
8960385122559,Quilters Dream Wool Batting Package (Available For Pre-Order),Quilters Dream Batting,Batting,46420590067967,"Queen (108"" x 93"")",WOOLQ,46.45,84.45,29.95,48.79,5.04,Raise,0.684,high,672,30222.25,7.0,-3.69,1.57,242,1053,customers pre-order and wait,
8960385122559,Quilters Dream Wool Batting Package (Available For Pre-Order),Quilters Dream Batting,Batting,48397478363391,"Super Queen (121"" X 93"")",WOOLSQ,48.71,88.57,33.10,51.19,5.09,Raise,0.684,high,672,30222.25,7.0,-3.69,1.57,242,1053,customers pre-order and wait,
8960385122559,Quilters Dream Wool Batting Package (Available For Pre-Order),Quilters Dream Batting,Batting,46420590100735,"King (120"" x 122"")",WOOLK,68.19,123.99,43.95,71.59,4.99,Raise,0.684,high,672,30222.25,7.0,-3.69,1.57,242,1053,customers pre-order and wait,
5866545479847,Hobbs Polydown Batting Package,Hobbs Bonded Fibers,Batting,44927692898559,"Crib (45""x60"")",PD-45,6.79,12.35,2.51,7.09,4.42,Raise,0.636,high,2694,36963.80,8.7,-4.31,1.37,292,977,90-day sell-through 77%,
5866545479847,Hobbs Polydown Batting Package,Hobbs Bonded Fibers,Batting,45838088732927,"Twin (72""x 90"")",PD-72,11.32,20.59,5.06,11.89,5.04,Raise,0.636,high,2694,36963.80,8.7,-4.31,1.37,292,977,90-day sell-through 77%,
5866545479847,Hobbs Polydown Batting Package,Hobbs Bonded Fibers,Batting,45838088765695,"Full (81""X96"")",PD-81,12.46,22.65,5.81,13.09,5.06,Raise,0.636,high,2694,36963.80,8.7,-4.31,1.37,292,977,90-day sell-through 77%,
5866545479847,Hobbs Polydown Batting Package,Hobbs Bonded Fibers,Batting,45838088798463,"Queen (90""x108"")",PD-90,14.16,25.74,7.48,14.89,5.16,Raise,0.636,high,2694,36963.80,8.7,-4.31,1.37,292,977,90-day sell-through 77%,
5866545479847,Hobbs Polydown Batting Package,Hobbs Bonded Fibers,Batting,45838088831231,"King (120""x120"")",PD-120,20.39,37.07,11.13,21.39,4.90,Raise,0.636,high,2694,36963.80,8.7,-4.31,1.37,292,977,90-day sell-through 77%,
5866543939751,"Hobbs Tuscany Cotton Wool 96"" Batting Roll",Hobbs Bonded Fibers,Batting,36742134726823,Default Title,BATT-TCWBY-96,295.16,536.65,194.06,309.89,4.99,Raise,0.637,high,107,28394.13,8.7,-3.17,1.30,227,972,tracked stock at zero while still selling,
5866544529575,"Hobbs Heirloom 100% Cotton with Scrim 120"" Batting Roll",Hobbs Bonded Fibers,Batting,36742136070311,Default Title,HNSBY-120,281.41,511.65,177.78,295.49,5.00,Raise,0.638,high,111,28822.13,8.2,0.00,1.00,231,960,,
8996438573311,Quilters Dream Natural 80/20 Batting Package (Available For Pre-Order),Quilters Dream Batting,Batting,48397439205631,"Craft (46"" X 36"")",ENCF,7.69,13.99,4.85,8.09,5.20,Raise,0.673,high,901,26334.21,6.4,-3.91,1.23,214,915,customers pre-order and wait,
8996438573311,Quilters Dream Natural 80/20 Batting Package (Available For Pre-Order),Quilters Dream Batting,Batting,48397440221439,"Crib (60"" X 46"")",ENCB,10.44,18.99,6.90,10.99,5.27,Raise,0.673,high,901,26334.21,6.4,-3.91,1.23,214,915,customers pre-order and wait,
8996438573311,Quilters Dream Natural 80/20 Batting Package (Available For Pre-Order),Quilters Dream Batting,Batting,48397441564927,"Throw (60"" X 60"")",ENTH,12.64,22.99,8.50,13.29,5.14,Raise,0.673,high,901,26334.21,6.4,-3.91,1.23,214,915,customers pre-order and wait,
8996438573311,Quilters Dream Natural 80/20 Batting Package (Available For Pre-Order),Quilters Dream Batting,Batting,46528799375615,"Twin (93"" x 72"")",ENTN,23.09,41.99,14.45,24.29,5.20,Raise,0.673,high,901,26334.21,6.4,-3.91,1.23,214,915,customers pre-order and wait,
8996438573311,Quilters Dream Natural 80/20 Batting Package (Available For Pre-Order),Quilters Dream Batting,Batting,48397442777343,"Double (96"" X 93"")",END,27.49,49.99,18.50,28.89,5.09,Raise,0.673,high,901,26334.21,6.4,-3.91,1.23,214,915,customers pre-order and wait,
8996438573311,Quilters Dream Natural 80/20 Batting Package (Available For Pre-Order),Quilters Dream Batting,Batting,46528799408383,"Queen (108"" x 93"")",ENQ,32.29,58.70,20.60,33.89,4.96,Raise,0.673,high,901,26334.21,6.4,-3.91,1.23,214,915,customers pre-order and wait,
8996438573311,Quilters Dream Natural 80/20 Batting Package (Available For Pre-Order),Quilters Dream Batting,Batting,48397443563775,"Super Queen (121"" X 93"")",ENSQ,32.99,59.99,22.45,34.59,4.85,Raise,0.673,high,901,26334.21,6.4,-3.91,1.23,214,915,customers pre-order and wait,
8996438573311,Quilters Dream Natural 80/20 Batting Package (Available For Pre-Order),Quilters Dream Batting,Batting,46528799441151,"King (120"" x 122"")",ENK,46.45,84.45,30.00,48.79,5.04,Raise,0.673,high,901,26334.21,6.4,-3.91,1.23,214,915,customers pre-order and wait,
9121573306623,"Insul-Bright 45"" x 40 YD Batting - Heat-Resistant Insulation for Quilting Projects",Warm Company,Batting,46925811646719,Default Title,WCDS-6340,199.83,363.32,102.86,209.79,4.98,Raise,0.614,high,210,31945.05,6.8,1.90,0.81,255,911,drop-ship,list price is already 37% above the average paid in the last 3 months; this stacks on a recent increase
8998794789119,"Quilters Dream Wool Batting King Roll - 120"" x 20 yards -- AVAILABLE FOR PRE-ORDER - ROUGHLY 8 WEEKS",Quilters Dream Batting,Batting,46536255209727,Default Title,QDDS-WOOLKR,358.41,651.65,246.00,376.29,4.99,Raise,0.673,medium,81,25590.43,7.3,,1.50,204,905,drop-ship; customers pre-order and wait,list price is already 9% above the average paid in the last 3 months; this stacks on a recent increase
8998411665663,"Quilters Dream Select White Poly Batting Queen Roll - 93"" x 30 yards -- AVAILABLE FOR PRE-ORDER - ROUGHLY 8 WEEKS",Quilters Dream Batting,Batting,46534801850623,Default Title,QDDS-P4QR,235.58,428.32,152.00,247.39,5.01,Raise,0.620,high,119,23584.18,8.3,,1.11,189,799,drop-ship; customers pre-order and wait,list price is already 15% above the average paid in the last 3 months; this stacks on a recent increase
9397683814655,"Pellon® FF78F1 One-Sided Fusible Flex-Foam Stabilizer 20"" x 10 yards Bolt.",Pellon,Interfacing,48235796463871,Default Title,PDS-DSFF78F1-2010,85.24,154.99,47.66,89.49,4.99,Raise,0.711,low,365,26381.65,10.5,5.16,1.69,211,799,drop-ship,thin sales history: stepped down one tier
8959974506751,Quilters Dream Select Natural Cotton Batting Package,Quilters Dream Batting,Batting,48397406929151,"Craft (46"" X 36"")",N4CF,7.69,13.99,4.85,8.09,5.20,Raise,0.662,high,689,21711.08,4.8,-3.78,1.80,176,752,,
8959974506751,Quilters Dream Select Natural Cotton Batting Package,Quilters Dream Batting,Batting,48397409419519,"Crib (60"" X 46"")",N4CB,10.44,18.99,7.05,10.99,5.27,Raise,0.662,high,689,21711.08,4.8,-3.78,1.80,176,752,,
8959974506751,Quilters Dream Select Natural Cotton Batting Package,Quilters Dream Batting,Batting,48397410074879,"Throw (60"" X 60"")",N4TH,13.19,23.99,8.70,13.89,5.31,Raise,0.662,high,689,21711.08,4.8,-3.78,1.80,176,752,,
8959974506751,Quilters Dream Select Natural Cotton Batting Package,Quilters Dream Batting,Batting,46420132135167,"Twin (93"" x 72"")",N4TN,23.64,42.99,15.00,24.79,4.86,Raise,0.662,high,689,21711.08,4.8,-3.78,1.80,176,752,,
8959974506751,Quilters Dream Select Natural Cotton Batting Package,Quilters Dream Batting,Batting,48397410599167,"Double (96"" X 93"")",N4D,29.14,52.99,19.45,30.59,4.98,Raise,0.662,high,689,21711.08,4.8,-3.78,1.80,176,752,,
8959974506751,Quilters Dream Select Natural Cotton Batting Package,Quilters Dream Batting,Batting,46420132200703,"Queen (108"" x 93"")",N4Q,33.42,60.76,21.50,35.09,5.00,Raise,0.662,high,689,21711.08,4.8,-3.78,1.80,176,752,,
8959974506751,Quilters Dream Select Natural Cotton Batting Package,Quilters Dream Batting,Batting,48397411549439,"Super Queen (121"" X 93"")",N4SQ,34.64,62.99,23.55,36.39,5.05,Raise,0.662,high,689,21711.08,4.8,-3.78,1.80,176,752,,
8959974506751,Quilters Dream Select Natural Cotton Batting Package,Quilters Dream Batting,Batting,46420132233471,"King (120"" x 122"")",N4K,47.84,86.99,30.90,50.19,4.91,Raise,0.662,high,689,21711.08,4.8,-3.78,1.80,176,752,,
8959991742719,Quilters Dream Select White Cotton Batting Package,Quilters Dream Batting,Batting,48397432291583,"Craft (46"" X 36"")",W4CF,8.49,15.44,5.95,8.89,4.71,Raise,0.653,high,555,21474.93,5.7,-3.32,1.58,172,747,,
8959991742719,Quilters Dream Select White Cotton Batting Package,Quilters Dream Batting,Batting,48397433929983,"Crib (60"" X 46"")",W4CB,13.02,23.68,8.70,13.69,5.15,Raise,0.653,high,555,21474.93,5.7,-3.32,1.58,172,747,,
8959991742719,Quilters Dream Select White Cotton Batting Package,Quilters Dream Batting,Batting,48397434519807,"Throw (60"" X 60"")",W4TH,15.86,28.83,10.80,16.69,5.23,Raise,0.653,high,555,21474.93,5.7,-3.32,1.58,172,747,,
8959991742719,Quilters Dream Select White Cotton Batting Package,Quilters Dream Batting,Batting,48397435535615,"Double (96"" X 93"")",W4D,36.25,65.91,24.60,38.09,5.08,Raise,0.653,high,555,21474.93,5.7,-3.32,1.58,172,747,,
8959991742719,Quilters Dream Select White Cotton Batting Package,Quilters Dream Batting,Batting,46420180893951,"Twin (93"" x 72"")",W4TN,28.89,52.52,19.00,30.29,4.85,Raise,0.653,high,555,21474.93,5.7,-3.32,1.58,172,747,,
8959991742719,Quilters Dream Select White Cotton Batting Package,Quilters Dream Batting,Batting,46420180926719,"Queen (108"" x 93"")",W4Q,42.48,77.24,27.35,44.59,4.97,Raise,0.653,high,555,21474.93,5.7,-3.32,1.58,172,747,,
8959991742719,Quilters Dream Select White Cotton Batting Package,Quilters Dream Batting,Batting,48397435764991,"Super Queen (121"" X 93"")",W4SQ,44.18,80.33,30.10,46.39,5.00,Raise,0.653,high,555,21474.93,5.7,-3.32,1.58,172,747,,
8959991742719,Quilters Dream Select White Cotton Batting Package,Quilters Dream Batting,Batting,46420180959487,"King (120"" x 122"")",W4K,61.59,111.99,39.75,64.69,5.03,Raise,0.653,high,555,21474.93,5.7,-3.32,1.58,172,747,,
9121573470463,"Soft & Bright 90"" x 25 YD Batting - Premium Polyester Batting for Quilting",Warm Company,Batting,46925811810559,Default Title,WCDS-1825,161.33,293.32,78.49,169.39,5.00,Raise,0.630,high,227,25977.82,6.8,0.28,0.97,208,713,drop-ship,list price is already 46% above the average paid in the last 3 months; this stacks on a recent increase
5866544267431,"Hobbs Heirloom 80/20 96"" Wide Batting 15 Yard Board",Hobbs Bonded Fibers,Batting,36742135480487,Default Title,HLBY-96DF,137.49,249.98,61.65,144.39,5.02,Raise,0.616,high,225,23849.53,6.7,-0.90,1.07,191,621,,list price is already 28% above the average paid in the last 3 months; this stacks on a recent increase
5866543710375,"Hobbs Poly 12oz 96"" Wide Batting",Hobbs Bonded Fibers,Batting,36742134464679,Default Title,BY-1296,152.16,276.65,45.42,159.79,5.01,Raise,0.621,high,309,30204.36,10.1,-2.62,1.36,242,604,90-day sell-through 94%,list price is already 41% above the average paid in the last 3 months; this stacks on a recent increase
9121572749567,"Warm & White 90"" x 20 YD Cotton Batting - White Cotton Quilt Batting",Warm Company,Batting,46925811056895,Default Title,WCDS-2511,269.49,489.98,146.75,282.99,5.01,Raise,0.614,medium,89,18907.65,7.7,-7.79,1.76,151,564,drop-ship,list price is already 25% above the average paid in the last 3 months; this stacks on a recent increase
8998794952959,"Quilters Dream Puff Batting Queen Roll - 93"" x 25 yards -- AVAILABLE FOR PRE-ORDER - ROUGHLY 8 WEEKS",Quilters Dream Batting,Batting,46536255930623,Default Title,QDDS-PUFQR,218.16,396.65,139.00,229.09,5.01,Raise,0.605,medium,87,15791.72,8.1,,1.02,127,530,drop-ship; customers pre-order and wait,list price is already 19% above the average paid in the last 3 months; this stacks on a recent increase
5866545021095,Hobbs Heirloom 100% Cotton Batting Package,Hobbs Bonded Fibers,Batting,44927710068991,"Craft 36""X 45""",HNS-36,7.36,13.38,2.54,7.69,4.48,Raise,0.606,high,814,19079.18,8.4,,1.20,150,513,,
5866545021095,Hobbs Heirloom 100% Cotton Batting Package,Hobbs Bonded Fibers,Batting,45838088372479,"Queen 90""x 108""",HNS-90,24.35,44.28,13.58,25.59,5.09,Raise,0.606,high,814,19079.18,8.4,,1.20,150,513,,
5866545021095,Hobbs Heirloom 100% Cotton Batting Package,Hobbs Bonded Fibers,Batting,45838088405247,"King 120""x 120""",HNS-120,38.52,70.03,21.38,40.49,5.11,Raise,0.606,high,814,19079.18,8.4,,1.20,150,513,,
9157844467967,"Pellon® 805 Wonder-Under® 17"" x 10 yards Bolt. Color: White.",Pellon,Interfacing,47057983668479,Default Title,PDS-805-1710BOLT,27.49,49.99,15.12,28.89,5.09,Raise,0.617,high,718,16110.16,6.2,-10.00,2.70,131,492,drop-ship,list price is already 22% above the average paid in the last 3 months; this stacks on a recent increase
9157845221631,"Pellon® 988 Sew-In Fleece 45"" x 10 yards Bolt. Color: White.",Pellon,Interfacing,47057984717055,Default Title,PDS-988-B10,48.94,88.99,27.31,51.39,5.01,Raise,0.620,high,377,16049.44,7.7,-5.61,1.69,129,487,drop-ship,list price is already 10% above the average paid in the last 3 months; this stacks on a recent increase
8998406226175,"Quilters Dream Request Natural Cotton Batting Throw Roll - 60"" x 30 yards -- AVAILABLE FOR PRE-ORDER - ROUGHLY 8 WEEKS",Quilters Dream Batting,Batting,46534768591103,Default Title,QDDS-N3SR,183.33,333.32,112.00,192.49,5.00,Raise,0.618,high,100,14777.25,8.5,-3.85,1.24,118,479,drop-ship; customers pre-order and wait,list price is already 23% above the average paid in the last 3 months; this stacks on a recent increase
8962932703487,"Quilters Select 36"" x 60"" Dual Side Cutting Mat",Rnk Distributing,Notion,46430133944575,Default Title,RNKDS-QS-MAT3660N,223.64,319.49,123.99,230.39,3.02,Raise,0.685,high,114,24464.83,8.8,3.91,1.35,130,457,MAP pricing; drop-ship,"MAP-priced brand: competitors sell the same SKU, keep the move small and check parity"
9121572847871,"Warm & Plush 90"" x 25 YD Cotton Batting - Soft and Luxurious Cotton Batting",Warm Company,Batting,46925811155199,Default Title,WCDS-2660,310.74,564.98,173.19,326.29,5.00,Raise,0.605,medium,58,14505.24,8.1,-5.04,1.43,116,440,drop-ship,list price is already 26% above the average paid in the last 3 months; this stacks on a recent increase
8998410649855,"Quilters Dream Request White Poly Batting Queen Roll - 93"" x 30 yards -- AVAILABLE FOR PRE-ORDER - ROUGHLY 8 WEEKS",Quilters Dream Batting,Batting,46534793134335,Default Title,QDDS-P3QR,198.91,361.65,124.00,208.89,5.02,Raise,0.681,medium,76,12492.53,6.8,,1.33,100,413,drop-ship; customers pre-order and wait,list price is already 18% above the average paid in the last 3 months; this stacks on a recent increase
8980078100735,Linda's Deluxe Cotton/Poly Blend Batting Queen Size 3 Yard Package - Made by Hobbs,Hobbs Bonded Fibers,Batting,46481594056959,Default Title,LEQ-6040-QP,21.52,39.13,11.87,22.59,4.97,Raise,0.650,high,601,12701.98,10.2,,1.12,101,380,private label; 90-day sell-through 99%,
8959985385727,Quilters Dream Deluxe Natural Cotton Batting Package,Quilters Dream Batting,Batting,48397427802367,"Craft (46"" X 36"")",N6CF,10.19,18.53,6.95,10.69,4.91,Raise,0.623,high,254,10866.98,5.7,-2.59,1.43,86,373,,
8959985385727,Quilters Dream Deluxe Natural Cotton Batting Package,Quilters Dream Batting,Batting,48397428588799,"Crib (60"" X 46"")",N6CB,14.72,26.77,9.90,15.49,5.23,Raise,0.623,high,254,10866.98,5.7,-2.59,1.43,86,373,,
8959985385727,Quilters Dream Deluxe Natural Cotton Batting Package,Quilters Dream Batting,Batting,48397430325503,"Throw (60"" X 60"")",N6TH,17.56,31.92,12.05,18.39,4.73,Raise,0.623,high,254,10866.98,5.7,-2.59,1.43,86,373,,
8959985385727,Quilters Dream Deluxe Natural Cotton Batting Package,Quilters Dream Batting,Batting,46420159561983,"Twin (93"" x 72"")",N6TN,33.42,60.76,21.40,35.09,5.00,Raise,0.623,high,254,10866.98,5.7,-2.59,1.43,86,373,,
8959985385727,Quilters Dream Deluxe Natural Cotton Batting Package,Quilters Dream Batting,Batting,48397430751487,"Double (96"" X 93"")",N6D,40.22,73.12,27.25,42.19,4.90,Raise,0.623,high,254,10866.98,5.7,-2.59,1.43,86,373,,
8959985385727,Quilters Dream Deluxe Natural Cotton Batting Package,Quilters Dream Batting,Batting,46420159594751,"Queen (108"" x 93"")",N6Q,47.84,86.99,30.95,50.19,4.91,Raise,0.623,high,254,10866.98,5.7,-2.59,1.43,86,373,,
8959985385727,Quilters Dream Deluxe Natural Cotton Batting Package,Quilters Dream Batting,Batting,48397431013631,"Super Queen (121"" X 93"")",N6SQ,50.41,91.66,34.15,52.89,4.92,Raise,0.623,high,254,10866.98,5.7,-2.59,1.43,86,373,,
8959985385727,Quilters Dream Deluxe Natural Cotton Batting Package,Quilters Dream Batting,Batting,46420159627519,"King (120"" x 122"")",N6K,67.97,123.59,44.05,71.39,5.03,Raise,0.623,high,254,10866.98,5.7,-2.59,1.43,86,373,,
8998414516479,"Quilters Dream Select Bamboo Batting Throw Roll - 60"" x 30 yards -- AVAILABLE FOR PRE-ORDER - ROUGHLY 8 WEEKS",Quilters Dream Batting,Batting,46534824591615,Default Title,QDDS-OSR,248.41,451.65,162.00,260.79,4.98,Raise,0.657,medium,49,10418.24,7.1,,1.27,83,354,drop-ship; customers pre-order and wait,list price is already 8% above the average paid in the last 3 months; this stacks on a recent increase
9157844664575,"Pellon® 820 Fusible Quilter's Grid™ 45"" x 10 yards Bolt. Color: White.",Pellon,Interfacing,47057983865087,Default Title,PDS-820-B10,42.34,76.99,23.46,44.49,5.08,Raise,0.614,high,286,10290.45,8.0,-7.38,1.91,83,315,drop-ship,list price is already 14% above the average paid in the last 3 months; this stacks on a recent increase
8998410486015,"Quilters Dream Request White Poly Batting Throw Roll - 60"" x 30 yards -- AVAILABLE FOR PRE-ORDER - ROUGHLY 8 WEEKS",Quilters Dream Batting,Batting,46534792315135,Default Title,QDDS-P3SR,146.66,266.65,84.00,153.99,5.00,Raise,0.657,medium,88,9770.43,6.9,1.22,0.87,78,302,drop-ship; customers pre-order and wait,list price is already 31% above the average paid in the last 3 months; this stacks on a recent increase
9107066126591,"Insul-Bright Insulating Thermal Lining - 1 yd x 45"" (Available For Pre-Order)",Warm Company,Batting,46879674728703,Default Title,WMC-6345,4.94,8.99,3.29,5.19,5.06,Raise,0.689,high,1452,7835.59,5.9,-2.91,1.53,63,275,customers pre-order and wait,
9340772253951,"Pellon® Bamboo/Cotton Batting Scrim 90"" x 6 yards",Pellon,Batting,48075559108863,Default Title,PDS-DSBGNG90/6,52.24,94.99,28.94,54.89,5.07,Raise,0.637,medium,184,8218.65,8.2,,1.65,66,251,drop-ship,list price is already 10% above the average paid in the last 3 months; this stacks on a recent increase
9121573437695,"Soft & Bright 45"" x 50 YD Batting - Premium Polyester Batting for Quilting",Warm Company,Batting,46925811777791,Default Title,WCDS-1805,179.66,326.65,90.10,188.69,5.03,Raise,0.618,medium,64,8510.95,6.7,-6.68,1.65,68,240,drop-ship,list price is already 29% above the average paid in the last 3 months; this stacks on a recent increase
9040441409791,Linda's Deluxe Cotton/Poly Blend Batting Twin Size 2 Yard Package - Made by Hobbs,Hobbs Bonded Fibers,Batting,46663652180223,Default Title,LEQ-6040-TWN,16.42,29.86,8.58,17.29,5.30,Raise,0.683,high,473,7707.10,10.7,,1.25,64,235,private label; tracked stock at zero while still selling,
9226039329023,Batting Tuscany 100% Washable Wool 96in x 108in Queen,Checker Distributor,Batting,47353490112767,Default Title,CDS-TW96,46.74,84.99,31.06,49.09,5.03,Raise,0.632,medium,137,6574.93,8.5,-10.00,1.67,53,229,drop-ship; tracked stock at zero while still selling,
8984907940095,White Katahdin 2-1/2in X 50yds,Checker Distributor,Batting,46494303617279,Default Title,CDS-390KB-75,24.74,44.99,17.83,25.99,5.05,Raise,0.645,medium,242,5946.79,7.9,,2.02,48,221,drop-ship,
9157845188863,"Pellon® 950F ShirTailor® Interfacing 20"" x 10 yards Bolt. Color: White.",Pellon,Interfacing,47057984684287,Default Title,PDS-950F-2010BOLT,31.89,57.99,17.59,33.49,5.02,Raise,0.609,medium,270,7139.46,6.8,-7.71,2.27,57,215,drop-ship,list price is already 21% above the average paid in the last 3 months; this stacks on a recent increase
9435613855999,"Hobbs Heirloom Black Batting 80/20 108"" Wide Batting - By The Yard",Hobbs Bonded Fibers,Batting,48329839706367,Default Title,DKHLBY-108CUT,9.16,18.32,6.00,9.59,4.69,Raise,0.613,medium,695,6502.39,7.5,3.96,0.76,50,210,,
8998411403519,"Quilters Dream Select White Poly Batting Throw Roll - 60"" x 30 yards -- AVAILABLE FOR PRE-ORDER - ROUGHLY 8 WEEKS",Quilters Dream Batting,Batting,46534801260799,Default Title,QDDS-P4SR,165.91,301.65,99.00,174.19,4.99,Raise,0.680,medium,51,6582.05,8.4,,1.58,53,209,drop-ship; customers pre-order and wait,list price is already 24% above the average paid in the last 3 months; this stacks on a recent increase
9175670849791,"Pellon® Natural Cotton Batting With Scrim 120"" x 120"" King Size Package.",Pellon,Batting,47132613017855,Default Title,PDS-DSFNCP120,36.84,66.99,20.53,38.69,5.02,Raise,0.601,high,221,6519.77,7.4,-8.16,2.12,52,198,drop-ship,list price is already 23% above the average paid in the last 3 months; this stacks on a recent increase
8181415575807,#18 MR 4.0 R-Point (Regular Sharp) 134MR,Superior Sewing Machines & Supply,Machine Part,44225659863295,Default Title,GROZ-MR-R-18,7.59,9.49,3.50,7.99,5.27,Raise,0.609,high,1061,6932.42,9.2,,1.15,58,192,90-day sell-through 83%,
9397683683583,"Pellon® FF77 Sew-In Flex-Foam Stabilizer 20"" x 10 yards Bolt.",Pellon,Interfacing,48235796300031,Default Title,PDS-DSFF77-2010,81.39,147.99,45.32,85.49,5.04,Raise,0.743,low,79,5665.20,8.4,4.26,1.31,46,173,drop-ship,thin sales history: stepped down one tier
9107033850111,Warm 100 Ultra Clean Natural Cotton + 100% Cotton Scrim (Available for Pre-Order),Warm Company,Batting,46879620727039,"Twin (72"" x 90"")",WMC-2623,30.59,55.61,17.77,32.09,4.90,Raise,0.654,medium,134,5466.22,6.6,-10.00,2.42,44,171,customers pre-order and wait,
9107033850111,Warm 100 Ultra Clean Natural Cotton + 100% Cotton Scrim (Available for Pre-Order),Warm Company,Batting,46879620759807,"Full (90"" x 96"")",WMC-2624,37.38,67.97,22.02,39.29,5.11,Raise,0.654,medium,134,5466.22,6.6,-10.00,2.42,44,171,customers pre-order and wait,
9107033850111,Warm 100 Ultra Clean Natural Cotton + 100% Cotton Scrim (Available for Pre-Order),Warm Company,Batting,46879620792575,"Queen (90"" x 110"")",WMC-2625,43.05,78.27,24.87,45.19,4.97,Raise,0.654,medium,134,5466.22,6.6,-10.00,2.42,44,171,customers pre-order and wait,
9107033850111,Warm 100 Ultra Clean Natural Cotton + 100% Cotton Scrim (Available for Pre-Order),Warm Company,Batting,46879620825343,"King (124"" x 120"")",WMC-2626,57.21,104.02,33.33,60.09,5.03,Raise,0.654,medium,134,5466.22,6.6,-10.00,2.42,44,171,customers pre-order and wait,
9107052921087,Warm & Plush Luxury Loft 100% Natural Cotton without Scrim,Warm Company,Batting,46879669715199,"Baby Size(45"" x 60"")",WMC-2670,11.32,20.59,6.73,11.89,5.04,Raise,0.626,medium,242,5333.10,7.5,-10.00,1.88,43,170,,
9107052921087,Warm & Plush Luxury Loft 100% Natural Cotton without Scrim,Warm Company,Batting,46879655035135,"Queen Size(90""x108"")",WMC-2665,36.82,66.94,21.39,38.69,5.08,Raise,0.626,medium,242,5333.10,7.5,-10.00,1.88,43,170,,
9157844599039,"Pellon® 810 Tru-Grid® 45"" x 10 yards Bolt. Color: White.",Pellon,Interfacing,47057983799551,Default Title,PDS-810-B10,27.49,49.99,15.38,28.89,5.09,Raise,0.626,high,232,5413.00,7.7,-3.41,1.64,44,167,drop-ship,list price is already 18% above the average paid in the last 3 months; this stacks on a recent increase
8378607206655,2600 White Dove Aurifil Cotton 50wt Large Spool,Aurifil,Thread,44791384178943,Default Title,MK50SP2600,15.38,17.99,8.62,15.89,3.32,Raise,0.662,medium,392,5062.38,11.7,3.72,1.31,29,104,MAP pricing; tracked stock at zero while still selling,"MAP-priced brand: competitors sell the same SKU, keep the move small and check parity"
6084273176751,10000 White Magna-Glide Delights Bobbin Jar,Fil-Tec,Bobbin,43869187047679,M Style,MGDM.10000,12.39,15.49,5.69,12.79,3.23,Raise,0.614,high,448,5310.39,7.0,,1.21,29,87,MAP pricing; tracked stock at zero while still selling,"MAP-priced brand: competitors sell the same SKU, keep the move small and check parity"
6084273176751,10000 White Magna-Glide Delights Bobbin Jar,Fil-Tec,Bobbin,43869187080447,L Style,MGDL.10000,14.84,16.49,6.13,15.29,3.03,Raise,0.614,high,448,5310.39,7.0,,1.21,29,87,MAP pricing; tracked stock at zero while still selling,"MAP-priced brand: competitors sell the same SKU, keep the move small and check parity"
6084276191407,Ease A Thread Lubricant for Quilting Thread,Linda's Electric Quilters,Notion,37584136700079,Default Title,LEQ-0155,9.19,11.49,1.02,9.69,5.44,Raise,0.629,high,841,6347.39,10.2,0.50,0.93,54,85,private label,list price is already 26% above the average paid in the last 3 months; this stacks on a recent increase
9157845352703,"Pellon® SF101 Shape-Flex® Cotton Woven Fusible Interfacing 20"" x 10 yards Bolt. Color: White.",Pellon,Interfacing,47057984848127,Default Title,PDS-SF101-2010BOLT,43.44,78.99,24.13,44.79,3.11,Test,0.542,high,6650,239370.53,9.3,-10.00,5.28,-231,3901,drop-ship,list price is already 14% above the average paid in the last 3 months; this stacks on a recent increase
9157844009215,"Pellon® 987F Fusible Fleece 45"" x 10 yards Bolt. Color: White.",Pellon,Interfacing,47057981931775,Default Title,PDS-987F-B10,73.14,132.99,40.89,75.29,2.94,Test,0.548,high,1502,93423.63,7.9,-10.00,6.30,-81,1455,drop-ship,list price is already 13% above the average paid in the last 3 months; this stacks on a recent increase
9121572585727,"Warm & Natural 90"" x 20 YD Cotton Batting - Unbleached Needle-Punched Quilt Batting",Warm Company,Batting,46925810827519,Default Title,WCDS-2111,217.24,394.98,114.34,223.79,3.02,Test,0.589,high,420,70691.97,7.4,-0.59,1.05,-64,1058,drop-ship,list price is already 31% above the average paid in the last 3 months; this stacks on a recent increase
9392983113983,Warm & Natural Needled Cotton Batting - Full Case,Warm Company,Batting,48456466989311,Case of 24 Craft (34″ X 45″),WCDS-2310-Case,76.44,138.99,57.99,78.69,2.94,Test,0.531,medium,321,40312.22,10.6,-10.00,1.63,-36,871,drop-ship,
9392983113983,Warm & Natural Needled Cotton Batting - Full Case,Warm Company,Batting,48218428965119,"Case of 24 Baby (45"" X 60"")",WCDS-2322-Case,170.49,309.99,128.15,175.59,2.99,Test,0.531,medium,321,40312.22,10.6,-10.00,1.63,-36,871,drop-ship,
9392983113983,Warm & Natural Needled Cotton Batting - Full Case,Warm Company,Batting,48218428997887,"Case of 8 Twin (72"" x 90"")",WCDS-2391-Case,135.84,246.99,102.28,139.89,2.98,Test,0.531,medium,321,40312.22,10.6,-10.00,1.63,-36,871,drop-ship,
9392983113983,Warm & Natural Needled Cotton Batting - Full Case,Warm Company,Batting,48218429030655,"Case of 6 Full (90"" x 96"")",WCDS-2381-Case,130.89,237.99,98.83,134.79,2.98,Test,0.531,medium,321,40312.22,10.6,-10.00,1.63,-36,871,drop-ship,
9392983113983,Warm & Natural Needled Cotton Batting - Full Case,Warm Company,Batting,48218429063423,"Case of 6 Queen (90"" x 108"")",WCDS-2341-Case,139.14,252.99,104.76,143.29,2.98,Test,0.531,medium,321,40312.22,10.6,-10.00,1.63,-36,871,drop-ship,
9392983113983,Warm & Natural Needled Cotton Batting - Full Case,Warm Company,Batting,48218429096191,"Case of 4 King (124"" x 120"")",WCDS-2251-Case,143.54,260.99,108.07,147.89,3.03,Test,0.531,medium,321,40312.22,10.6,-10.00,1.63,-36,871,drop-ship,
8998408192255,"Quilters Dream Request Natural Cotton Batting Queen Roll - 93"" x 30 yards - AVAILABLE FOR PRE-ORDER - ROUGHLY 8 WEEKS",Quilters Dream Batting,Batting,46534770852095,Default Title,QDDS-N3QR,253.91,461.65,166.00,261.49,2.99,Test,0.584,high,210,45589.03,7.3,,0.70,-41,849,drop-ship; customers pre-order and wait,list price is already 15% above the average paid in the last 3 months; this stacks on a recent increase
5866543480999,"Hobbs Heirloom 100% Natural Cotton with Scrim 96"" Wide Batting Roll - 30 Yards",Hobbs Bonded Fibers,Batting,36742134268071,Default Title,HNSBY-96,240.16,436.65,136.53,247.39,3.01,Test,0.582,high,247,52319.22,7.7,-2.13,1.16,-47,848,,list price is already 11% above the average paid in the last 3 months; this stacks on a recent increase
8998794723583,"Quilters Dream Wool Batting Queen Roll - 93"" x 25 yards -- AVAILABLE FOR PRE-ORDER - ROUGHLY 8 WEEKS",Quilters Dream Batting,Batting,46536255111423,Default Title,QDDS-WOOLQR,343.74,624.98,235.00,354.09,3.01,Test,0.585,high,133,40162.63,7.9,,0.84,-36,790,drop-ship; customers pre-order and wait,list price is already 11% above the average paid in the last 3 months; this stacks on a recent increase
9157844926719,"Pellon® 911FF Fusible Featherweight Interfacing 20"" x 10 yards Bolt. Color: White.",Pellon,Interfacing,47057984127231,Default Title,PDS-911FF-2010BOLT,24.19,43.99,13.32,24.89,2.89,Test,0.580,high,2699,50555.16,8.0,-10.00,3.63,-42,763,drop-ship,list price is already 27% above the average paid in the last 3 months; this stacks on a recent increase
8998414778623,"Quilters Dream Select Bamboo Batting King Roll - 120"" x 25 yards -- AVAILABLE FOR PRE-ORDER - ROUGHLY 8 WEEKS",Quilters Dream Batting,Batting,46534824886527,Default Title,QDDS-OKR,369.41,671.65,255.00,380.49,3.00,Test,0.579,medium,92,29387.44,9.2,,0.94,-26,582,drop-ship; customers pre-order and wait,
9175670980863,"Pellon® Natural Cotton Batting With Scrim 90"" x 40 yards Roll.",Pellon,Batting,47132613148927,Default Title,PDS-DSFGNG9040,270.41,491.65,141.85,278.49,2.99,Test,0.547,high,194,34089.39,7.7,-10.00,7.00,-30,504,drop-ship,list price is already 11% above the average paid in the last 3 months; this stacks on a recent increase
8998413861119,"Quilters Dream Select White 80/20 Batting Queen Roll - 93"" x 30 yards -- AVAILABLE FOR PRE-ORDER - ROUGHLY 8 WEEKS",Quilters Dream Batting,Batting,46534823346431,Default Title,QDDS-EWQR,338.24,614.98,231.00,348.39,3.00,Test,0.595,medium,69,20463.08,7.7,,0.97,-18,401,drop-ship; customers pre-order and wait,list price is already 8% above the average paid in the last 3 months; this stacks on a recent increase
7672142299391,"Hobbs FUSIBLE Heirloom Batting 96"" Wide Batting Roll - 30 Yards",Hobbs Bonded Fibers,Batting,42890512728319,Default Title,HFBY-96,218.16,396.65,129.82,224.69,2.99,Test,0.571,high,110,20142.97,10.3,-6.81,1.84,-18,341,,list price is already 8% above the average paid in the last 3 months; this stacks on a recent increase
5866546725031,"Hobbs Tuscany Wool Batting Package - King Size 120"" x 120""",Checker Distributor,Batting,38130546573487,Default Title,CDS-TW120,57.74,104.99,38.61,59.49,3.03,Test,0.567,high,303,17552.29,7.3,,1.03,-16,340,drop-ship,
5866545971367,Hobbs Thermore Polyester Batting Package,Hobbs Bonded Fibers,Batting,44927812239615,"54"" x 45""",TM-54,8.49,15.44,3.90,8.79,3.53,Test,0.599,high,1183,20910.93,7.5,-0.70,1.09,-22,318,,
5866545971367,Hobbs Thermore Polyester Batting Package,Hobbs Bonded Fibers,Batting,45838088863999,"90"" X 108""",TM-90,20.39,37.07,11.09,20.99,2.94,Test,0.599,high,1183,20910.93,7.5,-0.70,1.09,-22,318,,
5789258481831,3002 Natural White Omni Polyester Thread,Superior Threads,Thread,36450030846119,Default Title,OMNI-3002,11.54,16.49,6.80,11.89,3.03,Test,0.524,high,1587,17430.36,12.0,,1.11,-16,295,MAP pricing,
9121572684031,"Warm & Natural 124"" x 30 YD Cotton Batting - Unbleached Needle-Punched Quilt Batting",Warm Company,Batting,46925810991359,Default Title,WCDS-2151,399.66,726.65,229.35,411.69,3.01,Test,0.532,medium,54,17724.79,7.9,-3.46,1.25,-16,290,drop-ship,list price is already 24% above the average paid in the last 3 months; this stacks on a recent increase
8998413697279,"Quilters Dream Select Natural 80/20 Batting King Roll - 120"" x 30 yards -- AVAILABLE FOR PRE-ORDER - ROUGHLY 8 WEEKS",Quilters Dream Batting,Batting,46534822985983,Default Title,QDDS-ENKR,372.16,676.65,257.00,383.29,2.99,Test,0.595,medium,44,14624.78,7.2,,0.77,-13,289,drop-ship; customers pre-order and wait,list price is already 7% above the average paid in the last 3 months; this stacks on a recent increase
8998409797887,"Quilters Dream Select White Cotton Batting Queen Roll - 93"" x 30 yards -- AVAILABLE FOR PRE-ORDER - ROUGHLY 8 WEEKS",Quilters Dream Batting,Batting,46534788546815,Default Title,QDDS-W4QR,380.41,691.65,263.00,391.79,2.99,Test,0.586,medium,41,13953.75,9.2,,1.11,-12,276,drop-ship; customers pre-order and wait,
9157844566271,"Pellon® 809 Décor-Bond® Stabilizer 45"" x 10 yards Bolt. Color: White.",Pellon,Interfacing,47057983766783,Default Title,PDS-809-4510BOLT,48.39,87.99,27.06,49.89,3.10,Test,0.591,high,360,15051.73,7.1,-10.00,4.08,-14,246,drop-ship,list price is already 13% above the average paid in the last 3 months; this stacks on a recent increase
5866544693415,Hobbs Cloudloft Polyester Batting Package,Hobbs Bonded Fibers,Batting,45844144292095,"Queen Size 90""x108""",CF-90,15.29,27.80,8.47,15.79,3.27,Test,0.581,high,749,13160.86,7.4,-1.66,1.18,-14,224,,
5866545807527,"Hobbs Tuscany Cotton Wool Batting Package - King Size ( 120"" X 120"" )",Checker Distributor,Batting,45838089093375,Default Title,CDS-TCW120,43.44,78.99,28.98,44.79,3.11,Test,0.556,high,246,10731.89,9.3,,0.82,-10,212,drop-ship; tracked stock at zero while still selling,
9121572815103,"Warm & White 124"" x 30 YD Cotton Batting - White Cotton Quilt Batting",Warm Company,Batting,46925811122431,Default Title,WCDS-2551,489.49,889.98,286.61,504.19,3.00,Test,0.593,low,29,12049.32,6.2,-3.87,1.33,-11,201,drop-ship,list price is already 18% above the average paid in the last 3 months; this stacks on a recent increase; thin sales history: stepped down one tier
8997927485695,"Quilters Dream Select Cotton Batting King Roll - 120"" x 30 yards -- AVAILABLE FOR PRE-ORDER - ROUGHLY 8 WEEKS",Quilters Dream Batting,Batting,46532695884031,Default Title,QDDS-N4KR,388.66,706.65,270.00,400.29,2.99,Test,0.569,low,30,9997.31,11.2,,1.00,-9,199,drop-ship; customers pre-order and wait,list price is already 8% above the average paid in the last 3 months; this stacks on a recent increase; thin sales history: stepped down one tier
9121572978943,"Warm 100 110"" x 25 YD Cotton Batting - Premium 100% Natural Cotton Batting",Warm Company,Batting,46925811319039,Default Title,WCDS-2620,346.49,629.98,195.99,356.89,3.00,Test,0.579,medium,45,12273.39,9.4,-7.06,1.81,-11,197,drop-ship,list price is already 25% above the average paid in the last 3 months; this stacks on a recent increase
5867330142375,Bobbin Case Towa - Size M,Superior Sewing Machines & Supply,Machine Part,36745658171559,Default Title,MP-00-0214,41.19,51.49,25.00,42.39,2.91,Test,0.561,high,320,11682.40,8.8,-3.20,1.16,-10,197,,
9001977413887,Oliso M3 Pro Mini Iron With Trivet Tula Pink,Checker Distributor,Notions,46545511022847,Default Title,CDS-M3PRO-TULA,84.99,104.99,57.00,87.49,2.94,Test,0.502,medium,136,9891.08,13.4,,1.66,-9,187,MAP pricing; drop-ship,
8998410256639,"Quilters Dream Request White Cotton Batting Queen Roll - 93"" x 30 yards -- AVAILABLE FOR PRE-ORDER - ROUGHLY 8 WEEKS",Quilters Dream Batting,Batting,46534791594239,Default Title,QDDS-W3QR,307.99,559.98,208.00,317.19,2.99,Test,0.604,low,35,9467.52,8.1,2.62,0.80,-8,183,drop-ship; customers pre-order and wait,list price is already 9% above the average paid in the last 3 months; this stacks on a recent increase; thin sales history: stepped down one tier
9001965617407,Best Press Spray Starch Scent Free Gallon Refill Size,Checker Distributor,Notions,46545492934911,Default Title,CDS-60041-1,46.39,57.99,23.49,47.79,3.02,Test,0.544,medium,373,12463.50,10.6,,2.50,-11,179,drop-ship,list price is already 26% above the average paid in the last 3 months; this stacks on a recent increase
8998408257791,"Quilters Dream Request Natural Cotton Batting King Roll - 120"" x 30 yards -- AVAILABLE FOR PRE-ORDER - ROUGHLY 8 WEEKS",Quilters Dream Batting,Batting,46534780322047,Default Title,QDDS-N3KR,318.99,579.98,216.00,328.59,3.01,Test,0.673,low,33,9123.09,7.0,,1.60,-8,178,drop-ship; customers pre-order and wait,list price is already 11% above the average paid in the last 3 months; this stacks on a recent increase; thin sales history: stepped down one tier
9157844533503,"Pellon® 808 Craft-Fuse® Stabilizer 20"" x 10 yards Bolt. Color: White.",Pellon,Interfacing,47057983701247,Default Title,PDS-808-2010BOLT,24.74,44.99,13.78,25.49,3.03,Test,0.559,high,577,11108.74,9.2,-10.00,3.39,-10,177,drop-ship,list price is already 22% above the average paid in the last 3 months; this stacks on a recent increase
8998795084031,"Quilters Dream Puff Batting King Roll - 120"" x 20 yards -- AVAILABLE FOR PRE-ORDER - ROUGHLY 8 WEEKS",Quilters Dream Batting,Batting,46536256061695,Default Title,QDDS-PUFKR,233.74,424.98,151.00,240.79,3.02,Test,0.577,medium,48,9264.47,9.4,-3.03,1.18,-8,172,drop-ship; customers pre-order and wait,list price is already 14% above the average paid in the last 3 months; this stacks on a recent increase
9397683650815,"Pellon® FF79F2 Two-Sided Fusible Flex-Foam Stabilizer 20"" x 10 yards Bolt.",Pellon,Interfacing,48235796267263,Default Title,PDS-DSFF79F2-2010,89.64,162.99,50.09,92.29,2.96,Test,0.690,low,134,10516.10,8.7,0.82,1.06,-9,165,drop-ship,thin sales history: stepped down one tier
8995934929151,Tutto Sewing Machine Case On Wheels 2X Large 28in Pink Diamond,Checker Distributor,Notions,46527452610815,Default Title,CDS-9228KMA-F,324.79,405.99,179.30,334.49,2.99,Test,0.514,medium,45,10534.03,13.2,,1.32,-9,164,drop-ship; tracked stock at zero while still selling,list price is already 23% above the average paid in the last 3 months; this stacks on a recent increase
9121573503231,"Soft & Bright 124"" x 20 YD Batting - Premium Polyester Batting for Quilting",Warm Company,Batting,46925811843327,Default Title,WCDS-1834,167.74,304.98,83.24,172.79,3.01,Test,0.551,medium,91,10535.49,9.7,-2.40,1.26,-10,148,drop-ship,list price is already 49% above the average paid in the last 3 months; this stacks on a recent increase
9231130722559,"Pellon® SF101 Shape-Flex® Cotton Woven Fusible Interfacing 20"" x 10 yards Bolt. Color: Black.",Pellon,Interfacing,47391756747007,Default Title,PDS-SF101BLK-2010BOLT,43.44,78.99,24.13,44.79,3.11,Test,0.556,high,244,8918.92,10.9,-6.00,1.78,-9,145,drop-ship,list price is already 11% above the average paid in the last 3 months; this stacks on a recent increase
8998413926655,"Quilters Dream Select White 80/20 Batting King Roll - 120"" x 30 yards -- AVAILABLE FOR PRE-ORDER - ROUGHLY 8 WEEKS",Quilters Dream Batting,Batting,46534823411967,Default Title,QDDS-EWKR,428.99,779.98,300.00,441.89,3.01,Test,0.555,low,19,7046.97,11.2,,1.10,-6,142,drop-ship; customers pre-order and wait,thin sales history: stepped down one tier
8962933489919,"Quilters Select 8.5"" x 24"" Non-Slip Ruler",Rnk Distributing,Notion,46430135156991,Default Title,RNKDS-QS-RUL8.5X24,57.04,81.49,31.59,58.79,3.07,Test,0.512,high,169,8808.44,12.0,,1.10,-8,141,MAP pricing; drop-ship,
5867330076839,M Size Metal Bobbin,Superior Sewing Machines & Supply,Machine Part,36745658106023,Default Title,MP-BOB-02 Bronze,3.29,3.99,1.95,3.39,3.04,Test,0.545,high,2882,8243.94,10.0,,0.85,-8,141,90-day sell-through 70%,
5789258350759,3001 Bright White Omni Polyester Thread,Superior Threads,Thread,36450030747815,Default Title,OMNI-3001,11.54,16.49,6.80,11.89,3.03,Test,0.556,high,727,7871.46,12.7,,1.41,-7,133,MAP pricing,
8962932998399,Quilters Select 45mm Deluxe Rotary Cutter,Rnk Distributing,Notion,46430134305023,Default Title,RNKDS-QS-ROTARY2P,50.04,71.49,28.39,51.59,3.10,Test,0.535,high,169,8018.81,10.9,,1.20,-8,133,MAP pricing; drop-ship,
9363548307711,Linda's Deluxe Cotton/Poly Blend Batting - Made by Hobbs - By The Yard,Hobbs Bonded Fibers,Batting,48150132359423,Default Title,LEQ-6040CUT,8.32,16.65,4.70,8.59,3.25,Test,0.563,medium,949,7269.97,8.6,,0.75,-8,126,private label,
9264430285055,22x60 100% New Zealand Wool Pressing Mat,Kentuckiana Country Quilt Shop,Wool Pressing Mat,47512176820479,Default Title,sku-47461822824703,110.00,,77.00,113.29,2.99,Test,0.518,medium,64,6182.36,12.0,,1.42,-6,124,drop-ship; Shopify Collective,
8998411927807,"Quilters Dream Select White Poly Batting King Roll - 120"" x 25 yards -- AVAILABLE FOR PRE-ORDER - ROUGHLY 8 WEEKS",Quilters Dream Batting,Batting,46534802211071,Default Title,QDDS-P4KR,249.33,453.32,163.00,256.79,2.99,Test,0.613,low,31,6601.09,9.6,,1.45,-6,123,drop-ship; customers pre-order and wait,thin sales history: stepped down one tier
8357167661311,White Magna-Glide Classic #60 Bobbins (Case of 100),Fil-Tec,Bobbin,44716094718207,L Style,MGCB-12434,53.99,67.49,30.75,55.59,2.96,Test,0.565,high,112,7179.21,10.1,3.42,0.75,-6,120,tracked stock at zero while still selling,
8357167661311,White Magna-Glide Classic #60 Bobbins (Case of 100),Fil-Tec,Bobbin,44716094685439,M Style,MGCB-12445,76.39,95.49,46.22,78.69,3.01,Test,0.565,high,112,7179.21,10.1,3.42,0.75,-6,120,tracked stock at zero while still selling,
8995936436479,MegaMat Cutting Mat for Hobby Table 40in X 72in,Checker Distributor,Notions,46527455363327,Default Title,CDS-SF40X72T,151.99,189.99,83.50,156.59,3.03,Test,0.511,medium,64,7177.10,12.5,-10.00,2.69,-7,113,drop-ship,list price is already 20% above the average paid in the last 3 months; this stacks on a recent increase
8357148524799,Cream Magna-Glide Classic #60 Bobbins (Case of 72),Fil-Tec,Bobbin,44716034621695,L Style,MGCB-60233,39.19,48.99,23.65,40.39,3.06,Test,0.513,high,158,6781.15,8.9,,0.81,-6,112,,
8357148524799,Cream Magna-Glide Classic #60 Bobbins (Case of 72),Fil-Tec,Bobbin,44716034588927,M Style,MGCB-60243,58.49,64.99,31.47,60.29,3.08,Test,0.513,high,158,6781.15,8.9,,0.81,-6,112,,
5789260152999,3022 Silver Omni Polyester Thread,Superior Threads,Thread,36450034155687,Default Title,OMNI-3022,11.54,16.49,6.80,11.89,3.03,Test,0.512,high,620,6579.41,12.9,,1.03,-6,112,MAP pricing; 90-day sell-through 78%,
8963064987903,RNK 2 Drawer - 30 Cone storage box with handle - Blue,Rnk Distributing,Notion,46430384980223,Default Title,RNKDS-THREADBOX,31.14,44.49,22.49,32.09,3.05,Test,0.540,high,186,5184.97,12.5,-10.00,1.57,-5,109,MAP pricing; drop-ship,
5789411344551,402 Pearl So Fine! Polyester Thread,Superior Threads,Thread,36450874851495,Default Title,SF50-402,14.69,20.99,8.50,15.09,2.72,Test,0.562,high,499,7243.45,10.4,1.15,0.89,-5,109,MAP pricing,
9121572782335,"Warm & White 90"" x 40 YD Cotton Batting - White Cotton Quilt Batting",Warm Company,Batting,46925811089663,Default Title,WCDS-2531,479.41,871.65,280.24,493.79,3.00,Test,0.626,low,16,6482.79,7.3,-3.30,1.33,-6,108,drop-ship,list price is already 15% above the average paid in the last 3 months; this stacks on a recent increase; thin sales history: stepped down one tier
5866544464039,"Hobbs Poly 16oz 96"" Wide Batting Roll",Hobbs Bonded Fibers,Batting,36742135709863,Default Title,BY-1696,152.16,276.65,43.79,156.69,2.98,Test,0.593,high,141,13661.53,10.2,1.04,0.87,-12,105,,list price is already 40% above the average paid in the last 3 months; this stacks on a recent increase
5866545643687,Hobbs Tuscany 100% Bleached Cotton Batting Package,Hobbs Bonded Fibers,Batting,36742141739175,"Throw Size 60""x 60""",TB-60,13.02,23.68,7.27,13.39,2.84,Test,0.567,medium,352,6903.91,13.0,1.31,0.72,-6,104,tracked stock at zero while still selling,
9001975939327,Cutting Mat with Grid 24in x 36in,Checker Distributor,Notions,46545508401407,Default Title,CDS-RM-MG,62.79,78.49,31.50,64.69,3.03,Test,0.527,high,160,7219.71,10.6,-10.00,1.97,-7,103,drop-ship,list price is already 25% above the average paid in the last 3 months; this stacks on a recent increase
6084273373359,10WG1 Linen Magna-Glide Delights Bobbin Jar,Fil-Tec,Bobbin,43869204250879,M Style,MGDM.10WG1,12.39,15.49,5.69,12.79,3.23,Test,0.592,high,670,8032.61,6.6,,1.02,-8,102,MAP pricing; tracked stock at zero while still selling,
6084273373359,10WG1 Linen Magna-Glide Delights Bobbin Jar,Fil-Tec,Bobbin,43869204283647,L Style,MGDL.10WG1,14.84,16.49,6.13,15.29,3.03,Test,0.592,high,670,8032.61,6.6,,1.02,-8,102,MAP pricing; tracked stock at zero while still selling,
5788360507559,"20001 Cream Glide Polyester Thread - 5,500 yards King Spool",Checker Distributor,Thread,36446035148967,Default Title,CDS-450-20001,13.30,16.62,5.99,13.69,2.93,Test,0.513,high,709,8179.47,12.9,-0.42,1.02,-7,101,MAP pricing; drop-ship,
9001965551871,Best Press Spray Starch Linen Fresh Gallon Refill Size,Checker Distributor,Notions,46545492869375,Default Title,CDS-60065-1,46.39,57.99,23.49,47.79,3.02,Test,0.574,medium,208,7004.52,10.7,,1.85,-6,101,drop-ship,list price is already 28% above the average paid in the last 3 months; this stacks on a recent increase
8357155242239,Light Grey Magna-Glide Classic #60 Bobbins (Case of 72),Fil-Tec,Bobbin,44716056281343,L Style,MGCB-60235,39.19,48.99,23.65,40.39,3.06,Test,0.550,high,135,5769.39,9.2,,1.02,-5,96,tracked stock at zero while still selling,
8357155242239,Light Grey Magna-Glide Classic #60 Bobbins (Case of 72),Fil-Tec,Bobbin,44716056248575,M Style,MGCB-60245,58.49,64.99,31.47,60.29,3.08,Test,0.550,high,135,5769.39,9.2,,1.02,-5,96,tracked stock at zero while still selling,
8995940139263,Clear Blue Tiles Essentials Set,Checker Distributor,Notions,46527462801663,Default Title,CDS-KDTL105,148.39,185.49,74.99,152.89,3.03,Test,0.528,medium,62,6456.49,12.7,,1.58,-6,93,drop-ship,list price is already 24% above the average paid in the last 3 months; this stacks on a recent increase
8962919203071,"Quilters Select 2.5"" x 6.5"" Non-Slip Ruler",Rnk Distributing,Notion,46430113136895,Default Title,RNKDS-QS-RL2.5X6.5,13.29,18.99,7.59,13.69,3.01,Test,0.590,high,430,5602.54,10.5,,1.56,-5,91,MAP pricing; drop-ship,
8944598810879,Glue Baste It 2oz RX GL20 Roxanne #6,United Notions,Notion,46372745642239,Default Title,RX-GL20,15.19,18.99,7.80,15.69,3.29,Test,0.547,medium,484,5699.41,9.2,-2.36,1.24,-6,90,,list price is already 24% above the average paid in the last 3 months; this stacks on a recent increase
9121573699839,"Steam-A-Seam 2 12"" x 40 YD Fusible Web - Heat-Adhesive for Quilting and Crafting",Warm Company,Notion,46925812039935,Default Title,WCDS-5540,201.59,251.99,94.73,207.59,2.98,Test,0.552,medium,48,6791.13,9.5,-7.34,1.71,-6,89,drop-ship,list price is already 36% above the average paid in the last 3 months; this stacks on a recent increase
9121573142783,"Warm 80/20 Blend 110"" x 25 YD Batting - Cotton and Polyester Blend Batting",Warm Company,Batting,46925811482879,Default Title,WCDS-2655,300.66,546.65,166.49,309.69,3.00,Test,0.624,low,23,5499.62,7.9,-7.03,1.67,-5,87,drop-ship,list price is already 24% above the average paid in the last 3 months; this stacks on a recent increase; thin sales history: stepped down one tier
8963047063807,Floriani Thread 120 Spool Set - Spectrum Combo -Includes F120TS & Rainbow Software Preactivated,Rnk Distributing,Software,46430341824767,Default Title,RNKDS-FSP-RSC,399.99,893.49,199.99,411.99,3.00,Test,0.520,low,18,6110.93,13.2,,3.50,-6,86,MAP pricing; drop-ship,thin sales history: stepped down one tier
8962933162239,"Quilters Select 10.5"" x 10.5"" Non-Slip Ruler",Rnk Distributing,Notion,46430134599935,Default Title,RNKDS-QS-RUL10.5,39.19,55.99,22.39,40.39,3.06,Test,0.554,high,139,5124.72,11.7,,1.33,-5,85,MAP pricing; drop-ship,
5789260251303,3023 Light Gray Omni Polyester Thread,Superior Threads,Thread,36450034417831,Default Title,OMNI-3023,11.54,16.49,6.80,11.89,3.03,Test,0.589,high,438,4984.61,10.1,,1.35,-5,84,MAP pricing,
9231130591487,"Pellon® EK130 Easy-Knit® Interfacing 20"" x 10 yards Bolt. Color: White.",Pellon,Interfacing,47391756615935,Default Title,PDS-EK130-2010BOLT,36.29,65.99,20.11,37.39,3.03,Test,0.564,medium,169,5227.86,9.5,,0.96,-5,83,drop-ship,list price is already 11% above the average paid in the last 3 months; this stacks on a recent increase
9653152219391,Yaya Han - ProPlus,oliso,Smart Iron,49091708715263,Default Title,10003086,220.00,220.00,110.00,226.59,3.00,Test,0.579,low,34,5864.03,2.7,,,-5,83,Shopify Collective,thin sales history: stepped down one tier
5789602513063,001 White Signature Cotton Thread,American & Efird Signature,Thread,45837837762815,3000 yards,SIGC-001,14.79,18.49,8.80,15.19,2.70,Test,0.596,medium,340,5137.76,9.2,4.37,0.75,-4,81,tracked stock at zero while still selling,
5789602513063,001 White Signature Cotton Thread,American & Efird Signature,Thread,45838106263807,6000 yards,SIGC-001-6,26.39,32.99,14.77,27.19,3.03,Test,0.596,medium,340,5137.76,9.2,4.37,0.75,-4,81,tracked stock at zero while still selling,
8922297008383,"Quilters Select Dual Sided Cutting Mats 24"" x 36""",Rnk Distributing,Notion,46312325153023,Default Title,RNKDS-QS-MAT2436,59.84,85.49,33.19,61.59,2.92,Test,0.500,low,94,5196.90,11.0,,1.02,-4,80,MAP pricing; drop-ship,thin sales history: stepped down one tier
9618585649407,400RT Rotary Blade Handle,Famore,Sewing,48964889936127,Default Title,400RT,19.20,24.00,3.16,19.79,3.07,Test,0.624,low,2168,18613.85,1.6,,,-18,77,,list price is already 120% above the average paid in the last 3 months; this stacks on a recent increase; thin sales history: stepped down one tier
8933290082559,Go! Sticky Medium + 2 Mini Go!,Easy Living,Notion,46339438641407,Default Title,gosticky-miniset,53.59,66.99,21.78,55.19,2.99,Test,0.508,medium,250,6641.41,12.0,1.09,0.84,-6,75,,list price is already 99% above the average paid in the last 3 months; this stacks on a recent increase
8995938369791,Tutto Sewing Machine Case On Wheels Extra Large 24in Blue Diamond,Checker Distributor,Notions,46527459328255,Default Title,CDS-9224UMA-F,319.99,399.99,161.70,329.59,3.00,Test,0.685,low,22,5194.15,9.8,10.00,1.87,-5,74,drop-ship,list price is already 12% above the average paid in the last 3 months; this stacks on a recent increase; thin sales history: stepped down one tier
9005234061567,Cotton Printable Fabric Sheets 25 Sheets per pack,Checker Distributor,Crafts,46553214746879,Default Title,CDS-P-FAC25,76.79,95.99,39.98,79.09,3.00,Test,0.515,medium,84,5015.05,12.1,,1.14,-4,74,drop-ship,list price is already 14% above the average paid in the last 3 months; this stacks on a recent increase
9121573896447,"Lite Steam-A-Seam 2 18"" x 25 YD Fusible Web - Lightweight Heat-Adhesive for Quilting",Warm Company,Notion,46925812334847,Default Title,WCDS-5418,182.39,227.99,85.68,187.89,3.02,Test,0.512,medium,42,5410.70,14.1,-0.36,1.05,-5,72,drop-ship,list price is already 34% above the average paid in the last 3 months; this stacks on a recent increase
9175671046399,"Pellon® Wrap-N-Zap® Microwaveable Cotton Batting 90"" x 9 yards",Pellon,Batting,47132613214463,Default Title,PDS-DSWZ909,78.64,142.99,43.85,78.64,0.00,Hold,0.521,high,1285,86945.28,7.7,5.83,0.50,-0,0,drop-ship,list price is already 19% above the average paid in the last 3 months; this stacks on a recent increase; demand fell more than 30% across the window; do not raise into a decline
8998413566207,"Quilters Dream Select Natural 80/20 Batting Queen Roll - 93"" x 30 yards - AVAILABLE FOR PRE-ORDER - ROUGHLY 8 WEEKS",Quilters Dream Batting,Batting,46534822035711,Default Title,QDDS-ENQR,295.16,536.65,198.00,295.16,0.00,Hold,0.564,high,244,62366.57,8.0,,0.67,0,0,drop-ship; customers pre-order and wait,list price is already 11% above the average paid in the last 3 months; this stacks on a recent increase; demand fell more than 30% across the window; do not raise into a decline
9279352176895,"Hobbs 80/20 Heirloom Batting 96"" Wide Batting - By The Yard",Hobbs Bonded Fibers,Batting,47584968474879,Default Title,HLBY-96CUT,8.32,16.65,4.80,8.32,0.00,Hold,0.556,high,7821,58926.96,7.0,,0.69,0,0,90-day sell-through 81%,list price is already 6% above the average paid in the last 3 months; this stacks on a recent increase; demand fell more than 30% across the window; do not raise into a decline
9117156344063,SewTites Magnum,SewTites,Magnetic Sewing Pins,46910624399615,5-pack,STMAG5,53.99,,32.39,53.99,0.00,Hold,0.408,high,364,51554.64,13.1,,3.55,0,0,"MAP pricing; drop-ship; Shopify Collective; overstocked: 1527 units, 5% sell-through",
9117156344063,SewTites Magnum,SewTites,Magnetic Sewing Pins,46910624432383,20-pack,STMAG20,193.99,,116.39,193.99,0.00,Hold,0.408,high,364,51554.64,13.1,,3.55,0,0,"MAP pricing; drop-ship; Shopify Collective; overstocked: 1527 units, 5% sell-through",
8796378595583,Linda's Batting Scissors,Famore,Notion,46251549950207,Blue,725A-Blue,33.19,41.49,0.00,33.19,0.00,Hold,0.334,high,2246,38133.93,40.6,-1.26,0.44,0,0,private label,
8796378595583,Linda's Batting Scissors,Famore,Notion,46251531469055,Pink,725A-Pink,33.19,41.49,0.00,33.19,0.00,Hold,0.334,high,2246,38133.93,40.6,-1.26,0.44,0,0,private label,
9001846866175,Soft and Stable White 100% Polyester Foam Stabilizer 72in x 58in,Checker Distributor,Notions,46545230495999,Default Title,CDS-PBASS2072,43.99,54.99,22.17,43.99,0.00,Hold,0.481,high,1063,33454.36,12.9,-10.00,2.70,0,0,drop-ship,list price is already 25% above the average paid in the last 3 months; this stacks on a recent increase
9121573175551,"Warm Window Insulated Shade Fabric 54"" x 15 YD - Thermal Insulated Quilting Fabric",Warm Company,Batting,46925811515647,Default Title,WCDS-1124,297.91,541.65,164.96,297.91,0.00,Hold,0.556,high,107,25821.96,7.8,5.34,0.67,0,0,drop-ship,list price is already 21% above the average paid in the last 3 months; this stacks on a recent increase; demand fell more than 30% across the window; do not raise into a decline
9001928950015,Reliable Velocity Auto Control Steam Iron,Checker Distributor,Notions,46545426841855,Default Title,CDS-270IR,229.00,288.49,116.50,229.00,0.00,Hold,0.474,high,157,23693.94,13.9,-0.29,1.02,0,0,MAP pricing; drop-ship,list price is already 27% above the average paid in the last 3 months; this stacks on a recent increase
9025394344191,Linda's 60mm Ergonomic Rotary Cutter,Famore,Notion,46614866821375,Default Title,LEQ-Rotary-60mm,14.99,29.99,0.00,14.99,0.00,Hold,0.245,high,1815,23166.81,40.5,-3.92,0.38,0,0,"private label; overstocked: 1844 units, 10% sell-through",
5788356968615,"10000 White Glide Polyester Thread - 5,500 yards King Spool",Checker Distributor,Thread,36446021386407,Default Title,CDS-450-10000,13.30,16.62,5.99,13.30,0.00,Hold,0.463,high,1708,19723.06,13.4,,1.12,0,0,MAP pricing; drop-ship,
5788358377639,"10WG1 Linen Glide Polyester Thread - 5,500 yards King Spool",Checker Distributor,Thread,36446023876775,Default Title,CDS-450-10WG1,13.30,16.62,5.99,13.30,0.00,Hold,0.448,high,1435,16511.96,13.5,,1.01,0,0,MAP pricing; drop-ship,
8922060325119,Quilt As You Go Handbook,Pauline's Quilters World,Book,46311504806143,Default Title,PQW-QAYGH,32.39,40.49,10.55,32.39,0.00,Hold,0.170,high,911,16445.51,40.4,-4.82,0.51,0,0,MAP pricing,list price is already 8% above the average paid in the last 3 months; this stacks on a recent increase
8922066977023,Sasher Collection - Ultimate Set of 12,Pauline's Quilters World,Notion,46311519191295,Default Title,PQW-SSET12,48.79,60.99,16.20,48.79,0.00,Hold,0.368,high,423,15675.49,17.0,,0.80,0,0,MAP pricing,list price is already 6% above the average paid in the last 3 months; this stacks on a recent increase
8807376224511,Corey's Hook-N-Snip & Tweezer Set,Famore,Notion,45900210274559,Default Title,FAM-CHNSTS,15.99,39.99,0.00,15.99,0.00,Hold,0.347,high,793,13941.37,28.2,,0.63,0,0,"overstocked: 3825 units, 5% sell-through",
9475670638847,"Hobbs Heirloom 80/20 120"" Wide Batting Roll - By The Yard",Hobbs Bonded Fibers,Batting,48456990523647,Default Title,HLBY-120CUT,9.16,18.32,5.25,9.16,0.00,Hold,0.493,low,1645,13826.15,5.9,-2.76,0.74,0,0,90-day sell-through 80%,
8922333937919,Dot To Dot Curves And Grid System,Pauline's Quilters World,Notion,46312454226175,Default Title,PQW-DDT,37.19,46.49,11.95,37.19,0.00,Hold,0.445,high,444,13563.81,11.3,,0.90,0,0,MAP pricing,list price is already 5% above the average paid in the last 3 months; this stacks on a recent increase
8922069958911,Feather Templates,Pauline's Quilters World,Template,46311528268031,Default Title,PQW-FT,29.19,36.49,9.15,29.19,0.00,Hold,0.401,high,520,11647.94,13.9,,0.83,0,0,MAP pricing,
5789258875047,3004 Cream Omni Polyester Thread,Superior Threads,Thread,36450031730855,Default Title,OMNI-3004,11.54,16.49,6.80,11.54,0.00,Hold,0.483,high,1040,11395.26,12.0,,0.94,0,0,MAP pricing,
5866543218855,"Hobbs Linda's Choice Batting -100% Bleached Cotton with Scrim - 108"" Wide by 25 Yard Roll",Hobbs Bonded Fibers,Batting,36742133711015,Default Title,BATT-37000,302.49,549.98,156.01,302.49,0.00,Hold,0.560,low,38,9954.32,5.9,,0.33,0,0,private label,list price is already 12% above the average paid in the last 3 months; this stacks on a recent increase; thin sales history: stepped down one tier; demand fell more than 30% across the window; do not raise into a decline
5788357951655,"10CG3 Cool Grey 3 Glide Polyester Thread - 5,500 yards King Spool",Checker Distributor,Thread,36446023319719,Default Title,CDS-450-10CG3,13.30,16.62,5.99,13.30,0.00,Hold,0.463,high,817,9479.17,13.2,,1.11,0,0,MAP pricing; drop-ship,
9297301242111,Renae's Red Snappers for Longarm machines - 12 Foot Set,Checker Distributor,Notion,47748680843519,Default Title,CDS-QOTC-12RS,99.19,123.99,55.00,99.19,0.00,Hold,0.474,high,121,8900.18,14.1,-8.09,1.87,0,0,drop-ship,list price is already 19% above the average paid in the last 3 months; this stacks on a recent increase
5789411213479,401 Snow So Fine! Polyester Thread,Superior Threads,Thread,36450874458279,Default Title,SF50-401,14.69,20.99,8.50,14.69,0.00,Hold,0.494,high,644,8722.39,12.3,-0.53,1.03,0,0,MAP pricing,
9001846833407,Soft and Stable White 100% Polyester Foam Stabilizer 36in x 58in,Checker Distributor,Interfacing,46545230463231,Default Title,CDS-PBASS2036,21.59,26.99,11.37,21.59,0.00,Hold,0.433,high,521,8179.48,14.3,-10.00,2.27,0,0,"drop-ship; overstocked: 4672 units, 3% sell-through",list price is already 17% above the average paid in the last 3 months; this stacks on a recent increase
5788358607015,"11001 Black Glide Polyester Thread - 5,500 yards King Spool",Checker Distributor,Thread,36446024335527,Default Title,CDS-450-11001,13.30,16.62,5.99,13.30,0.00,Hold,0.480,high,700,8146.23,12.7,,1.09,0,0,MAP pricing; drop-ship,
9001965650175,Best Press Spray Starch Lavender Fields Gallon Refill Size,Checker Distributor,Notions,46545492967679,Default Title,CDS-60037-1,43.19,53.99,23.49,43.19,0.00,Hold,0.494,medium,230,7195.55,12.2,,1.27,0,0,drop-ship,list price is already 24% above the average paid in the last 3 months; this stacks on a recent increase
9416219295999,"Patriotic Stars 108"" Supreme Backings - Navy Stars on White Wideback Fabric Per Yard",The Fabric Company,Fabric,48271639609599,Default Title,TFCDS-CD-18463-400,14.99,26.99,10.89,14.99,0.00,Hold,0.240,low,681,6972.82,16.2,-4.80,0.41,0,0,drop-ship; Shopify Collective; 90-day sell-through 85%,list price is already 27% above the average paid in the last 3 months; this stacks on a recent increase
8998414287103,"Quilters Dream Select Natural 70/30 Batting Queen Roll - 93"" x 30 yards -- AVAILABLE FOR PRE-ORDER - ROUGHLY 8 WEEKS",Quilters Dream Batting,Batting,46534824329471,Default Title,QDDS-MQR,307.08,558.32,207.00,307.08,0.00,Hold,0.614,low,26,6827.28,7.6,6.39,0.63,0,0,drop-ship; customers pre-order and wait,list price is already 15% above the average paid in the last 3 months; this stacks on a recent increase; thin sales history: stepped down one tier; demand fell more than 30% across the window; do not raise into a decline
9001953722623,Sew Q Laser,Checker Distributor,Notions,46545472520447,Default Title,CDS-SQL001,85.59,113.49,49.98,85.59,0.00,Hold,0.476,medium,92,6799.54,10.7,,0.95,0,0,MAP pricing; drop-ship,
9001890382079,Creative Grids Self-Healing Double Sided Rotary Cutting Mat 28in x 58in,Checker Distributor,Notions,46545336041727,Default Title,CDS-CGRMAT2858,306.99,306.99,130.00,306.99,0.00,Hold,0.448,low,27,6570.39,13.0,,1.27,0,0,MAP pricing; drop-ship,list price is already 10% above the average paid in the last 3 months; this stacks on a recent increase
8962933424383,"Quilters Select 6.5"" x 24"" Non-Slip Ruler",Rnk Distributing,Notion,46430134960383,Default Title,RNKDS-QS-RUL6.5X24,41.29,58.99,23.59,41.29,0.00,Hold,0.476,medium,160,6326.18,11.8,,0.89,0,0,MAP pricing; drop-ship,
5788357066919,"10002 Super White Glide Polyester Thread - 5,500 yards King Spool",Checker Distributor,Thread,36446021484711,Default Title,CDS-450-10002,13.30,16.62,5.99,13.30,0.00,Hold,0.496,high,517,6128.05,12.2,-4.42,1.35,0,0,MAP pricing; drop-ship,
9121573929215,"Lite Steam-A-Seam 2 24"" x 25 YD Fusible Web - Lightweight Heat-Adhesive for Quilting",Warm Company,Notion,46925812367615,Default Title,WCDS-5424,215.19,268.99,101.27,215.19,0.00,Hold,0.481,medium,42,6112.55,11.3,-4.57,1.75,0,0,drop-ship,list price is already 26% above the average paid in the last 3 months; this stacks on a recent increase
8922305200383,"Quilters Select Non-Slip Ruler 18"" x 18""",Rnk Distributing,Notion,46312353857791,Default Title,RNKDS-QS-RUL18X18,65.09,92.99,35.99,65.09,0.00,Hold,0.483,medium,99,6014.16,9.9,,0.71,0,0,MAP pricing; drop-ship,
9297297539327,Renae's Red Snappers for Longarm machines - 10 Foot Set,Checker Distributor,Notion,47748656398591,Default Title,CDS-QOTC-10RS,91.99,114.99,50.00,91.99,0.00,Hold,0.497,medium,87,6010.21,14.2,-8.72,1.61,-0,0,drop-ship; tracked stock at zero while still selling,list price is already 17% above the average paid in the last 3 months; this stacks on a recent increase
9001922494719,Paper Piece Pack For Dear Jane Complete,Checker Distributor,Notions,46545412882687,Default Title,CDS-DJCOMPLETE,385.99,482.49,195.00,385.99,0.00,Hold,0.457,low,21,5998.68,12.8,3.13,0.82,0,0,drop-ship,list price is already 8% above the average paid in the last 3 months; this stacks on a recent increase
9416221491455,"Patriotic Stars 108"" Supreme Backings - White Stars on Red Wideback Fabric Per Yard",The Fabric Company,Fabric,48271641903359,Default Title,TFCDS-CD-18463-200,14.99,26.99,10.89,14.99,0.00,Hold,0.210,low,574,5792.39,15.4,-6.10,0.31,0,0,drop-ship; Shopify Collective,list price is already 32% above the average paid in the last 3 months; this stacks on a recent increase
5788359131303,"17443 Bone Glide Polyester Thread - 5,500 yards King Spool",Checker Distributor,Thread,36446025777319,Default Title,CDS-450-17443,13.30,16.62,5.99,13.30,0.00,Hold,0.462,high,498,5715.86,12.5,,1.02,0,0,MAP pricing; drop-ship,
8922056458495,QAYG Quilting Templates Set F,Pauline's Quilters World,Template,46311494353151,Default Title,PQW-QTSETF,29.19,36.49,9.15,29.19,0.00,Hold,0.384,medium,253,5567.51,14.1,,0.75,0,0,MAP pricing,list price is already 23% above the average paid in the last 3 months; this stacks on a recent increase
8995937845503,Tutto Sewing Machine Case On Wheels Extra Large 24in Pink Diamond,Checker Distributor,Notions,46527458803967,Default Title,CDS-9224KMA-F,319.99,399.99,161.70,319.99,0.00,Hold,0.488,low,25,5516.61,11.9,-10.00,1.78,0,0,drop-ship,list price is already 30% above the average paid in the last 3 months; this stacks on a recent increase
9402276380927,"Choice Supreme Batting - 80/20 Cotton/Poly Blend - 15 Yard Roll (93"" x 15yds)",The Fabric Company,Batting,48246826696959,Default Title,TFCDS-BX-60365-007,123.19,223.99,114.71,123.19,0.00,Hold,0.550,low,52,5511.20,8.4,6.59,0.59,0,0,drop-ship; Shopify Collective,list price is already 11% above the average paid in the last 3 months; this stacks on a recent increase; thin sales history: stepped down one tier; demand fell more than 30% across the window; do not raise into a decline
8998794658047,"Quilters Dream Select Green Batting Queen Roll - 93"" x 30 yards -- AVAILABLE FOR PRE-ORDER - ROUGHLY 8 WEEKS",Quilters Dream Batting,Batting,46536255045887,Default Title,QDDS-GQR,235.58,428.32,152.00,235.58,0.00,Hold,0.473,low,26,5158.03,8.6,-4.00,0.79,0,0,drop-ship; customers pre-order and wait,list price is already 8% above the average paid in the last 3 months; this stacks on a recent increase
9017845973247,Bowl Cozy Pre-Cut Batting 8ct,Gypsy Quilter,Batting,46591239880959,Default Title,CDS-TGQ036,7.69,13.99,6.00,7.69,0.00,Hold,0.594,high,619,5062.62,7.0,-3.80,1.62,-0,0,"drop-ship; overstocked: 4865 units, 5% sell-through",overstocked; clear inventory before repricing
9001976627455,Oliso Iron Pro Plus Kaffe Fassett,Checker Distributor,Notions,46545509318911,Default Title,CDS-TG1600-2-KAFFE,219.99,259.99,157.00,219.99,0.00,Hold,0.287,low,27,5059.48,10.1,-4.08,0.58,0,0,MAP pricing; drop-ship,
9125224677631,Stripology Quilting Case,GE Designs,Storage & Bags,46938407567615,Default Title,TO-GE-0029,374.95,,262.47,374.95,0.00,Hold,0.398,low,16,5018.43,16.3,-1.09,1.13,0,0,drop-ship; Shopify Collective,
